{
  "vanilla_rnn": {
    "train_loss_curve": [
      2.348735958337784,
      1.8128361403942108,
      1.6221624687314034,
      1.505757860839367,
      1.435885339975357,
      1.3918762058019638,
      1.3559445664286613,
      1.3304292485117912,
      1.3150257393717766,
      1.296791099011898,
      1.284350223839283,
      1.2727757543325424
    ],
    "params": 27032,
    "model_size_mb": 0.1031,
    "hyperparameters": {
      "embedding_dim": 48,
      "hidden_size": 128,
      "epochs": 12,
      "learning_rate": 0.004,
      "batch_size": 64
    },
    "novelty_rate": 98.6,
    "diversity": 0.994,
    "generated_total": 500,
    "generated_unique": 497
  },
  "bilstm": {
    "train_loss_curve": [
      2.14759574085474,
      0.700683731585741,
      0.15866921842098236,
      0.039307525381445885,
      0.01581875083502382,
      0.009155602136161178,
      0.006479669333202764,
      0.005061453295638785,
      0.004065041954163462,
      0.0034307887399336323,
      0.002896900929044932,
      0.00251227812259458
    ],
    "params": 189592,
    "model_size_mb": 0.7232,
    "hyperparameters": {
      "embedding_dim": 48,
      "hidden_size": 128,
      "epochs": 12,
      "learning_rate": 0.004,
      "batch_size": 64
    },
    "novelty_rate": 99.8,
    "diversity": 0.972,
    "generated_total": 500,
    "generated_unique": 486
  },
  "attention_rnn": {
    "train_loss_curve": [
      2.6417351216077805,
      2.137175031006336,
      1.8219017758965492,
      1.6424235478043556,
      1.5208926051855087,
      1.4337516874074936,
      1.3841094449162483,
      1.345153160393238,
      1.3190698400139809,
      1.2942916676402092,
      1.2760223746299744,
      1.2608568593859673
    ],
    "params": 122136,
    "model_size_mb": 0.4659,
    "hyperparameters": {
      "embedding_dim": 48,
      "hidden_size": 128,
      "epochs": 12,
      "learning_rate": 0.004,
      "batch_size": 64
    },
    "novelty_rate": 98.0,
    "diversity": 0.994,
    "generated_total": 500,
    "generated_unique": 497
  }
}